<?xml version="1.0" encoding="UTF-8"?>
<beans xmlns="http://www.springframework.org/schema/beans"
  xmlns:xsi="http://www.w3.org/2001/XMLSchema-instance" xmlns:context="http://www.springframework.org/schema/context"
  xmlns:aop="http://www.springframework.org/schema/aop" xmlns:tx="http://www.springframework.org/schema/tx"
  xmlns:mvc="http://www.springframework.org/schema/mvc"
  xsi:schemaLocation="http://www.springframework.org/schema/beans
	http://www.springframework.org/schema/beans/spring-beans-3.0.xsd
	http://www.springframework.org/schema/context
	http://www.springframework.org/schema/context/spring-context-3.0.xsd
	http://www.springframework.org/schema/aop
	http://www.springframework.org/schema/aop/spring-aop-3.0.xsd
	http://www.springframework.org/schema/tx
	http://www.springframework.org/schema/tx/spring-tx-3.0.xsd
	http://www.springframework.org/schema/mvc
	http://www.springframework.org/schema/mvc/spring-mvc-3.0.xsd
	"
  default-lazy-init="false">

  <context:component-scan base-package="com.theboboy.ext4"><!--自动扫描组件 -->
  </context:component-scan>

  <mvc:annotation-driven />

  <bean id="multipartResolver" class="org.springframework.web.multipart.commons.CommonsMultipartResolver">
    <!-- 默认编码(ISO-8859-1) -->
    <property name="defaultEncoding" value="UTF-8" />
    <!-- 最大内存大小(10240) -->
    <property name="maxInMemorySize" value="10240" />
    <!-- 上传后的目录名(WebUtils#TEMP_DIR_CONTEXT_ATTRIBUTE) -->
    <property name="uploadTempDir" value="/temp" />
    <!-- 最大文件大小，-1为无限止(-1) -->
    <property name="maxUploadSize" value="-1" />
  </bean>

  <bean id="viewResolver" class="org.springframework.web.servlet.view.InternalResourceViewResolver">
    <property name="viewClass" value="org.springframework.web.servlet.view.JstlView" />
    <property name="suffix" value=".jsp" />
    <property name="order" value="2"></property>
  </bean>

  <bean class="org.springframework.web.servlet.mvc.method.annotation.RequestMappingHandlerAdapter">
    <property name="messageConverters">
      <list>
        <bean class="org.springframework.http.converter.json.MappingJackson2HttpMessageConverter" />
      </list>
    </property>
  </bean>

  <bean id="dataSource" class="com.alibaba.druid.pool.DruidDataSource" init-method="init" destroy-method="close">
    <!-- 基本属性 url、user、password -->
    <property name="url" value="jdbc:mysql://localhost:3306/db_permission" />
    <property name="username" value="root" />
    <property name="password" value="123456" />

    <!-- 配置初始化大小、最小、最大 -->
    <property name="initialSize" value="5" />
    <property name="minIdle" value="1" />
    <property name="maxActive" value="20" />

    <!-- 配置获取连接等待超时的时间 -->
    <property name="maxWait" value="60000" />

    <!-- 配置间隔多久才进行一次检测，检测需要关闭的空闲连接，单位是毫秒 -->
    <property name="timeBetweenEvictionRunsMillis" value="3000" />

    <!-- 配置一个连接在池中最小生存的时间，单位是毫秒 -->
    <property name="minEvictableIdleTimeMillis" value="300000" />

    <property name="validationQuery" value="select 1" />
    <property name="testWhileIdle" value="true" />
    <property name="testOnBorrow" value="false" />
    <property name="testOnReturn" value="false" />

    <!-- 打开PSCache，并且指定每个连接上PSCache的大小 -->
    <property name="poolPreparedStatements" value="true" />
    <property name="maxPoolPreparedStatementPerConnectionSize" value="20" />

    <!-- 配置监控统计拦截的filters -->
    <property name="filters" value="stat" />
  </bean>

  <bean id="sessionFactory" class="org.springframework.orm.hibernate3.annotation.AnnotationSessionFactoryBean">
    <property name="dataSource" ref="dataSource" />
    <property name="hibernateProperties">
      <props>
        <prop key="hibernate.dialect">org.hibernate.dialect.MySQL5InnoDBDialect</prop>
        <prop key="hibernate.cache.provider_class">org.hibernate.cache.HashtableCacheProvider</prop>
        <prop key="hibernate.current_session_context_class">thread</prop>
        <prop key="hibernate.show_sql">true</prop>
        <prop key="hibernate.format_sql">true</prop>
      </props>
    </property>
    <property name="packagesToScan">
      <list>
        <value>net.kong.muvics.base.entity</value>
      </list>
    </property>
  </bean>

  <bean id="transactionManager" class="org.springframework.orm.hibernate3.HibernateTransactionManager">
    <property name="sessionFactory" ref="sessionFactory" />
  </bean>

  <tx:advice id="txAdvice" transaction-manager="transactionManager">
    <tx:attributes>
      <tx:method name="service" propagation="REQUIRED" rollback-for="Exception" />
    </tx:attributes>
  </tx:advice>

  <aop:config>
    <aop:pointcut id="pointcut1" expression="execution(* net.kong..service..*.*(..))" />
    <aop:advisor advice-ref="txAdvice" pointcut-ref="pointcut1" />
  </aop:config>

</beans>